{"cameraMode":{"drawMode":0,"name":"Shaded","section":"Shading Mode"},"sceneLighting":false,"audioPlay":false,"sceneViewState":{"m_AlwaysRefresh":false,"showFog":true,"showSkybox":false,"showFlares":true,"showImageEffects":true,"showParticleSystems":true,"showVisualEffectGraphs":true,"m_FxEnabled":true},"in2DMode":false,"pivot":{"x":-0.010425329208374024,"y":1.3979321718215943,"z":0.04618406295776367},"rotation":{"x":0.04340708628296852,"y":0.7376657724380493,"z":-0.04764728620648384,"w":0.6720673441886902},"size":9.643233299255371,"orthographic":false}